{"data": {"2017,12,14,22:45:20": {"alti": {"temp": 2347, "press": 101541, "altitude": 0.002164072242198634}, "magn": {"x": 0, "y": 0, "z": 0, "rhall": 0}, "gyro": {"x": 65535, "y": 32, "z": 65519}}, "2017,12,14,22:45:22": {"alti": {"temp": 2347, "press": 101528, "altitude": 0.0022921075407204778}, "magn": {"x": 0, "y": 0, "z": 0, "rhall": 0}, "gyro": {"x": 65503, "y": 128, "z": 16}}, "2017,12,14,22:45:24": {"alti": {"temp": 2348, "press": 101535, "altitude": 0.0022231634199029993}, "magn": {"x": 0, "y": 0, "z": 0, "rhall": 0}, "gyro": {"x": 65455, "y": 65359, "z": 65535}}, "2017,12,14,22:45:26": {"alti": {"temp": 2349, "press": 101528, "altitude": 0.0022921075407204778}, "magn": {"x": 0, "y": 0, "z": 0, "rhall": 0}, "gyro": {"x": 65519, "y": 65535, "z": 65535}}, "2017,12,14,22:45:28": {"alti": {"temp": 2351, "press": 101528, "altitude": 0.0022921075407204778}, "magn": {"x": 0, "y": 0, "z": 0, "rhall": 0}, "gyro": {"x": 65471, "y": 176, "z": 65535}}, "2017,12,14,22:45:30": {"alti": {"temp": 2352, "press": 101525, "altitude": 0.0023216564762220723}, "magn": {"x": 0, "y": 0, "z": 0, "rhall": 0}, "gyro": {"x": 65471, "y": 65471, "z": 16}}, "2017,12,14,22:45:32": {"alti": {"temp": 2353, "press": 101531, "altitude": 0.0022625594783323637}, "magn": {"x": 0, "y": 0, "z": 0, "rhall": 0}, "gyro": {"x": 65535, "y": 16, "z": 32}}, "2017,12,14,22:45:34": {"alti": {"temp": 2354, "press": 101524, "altitude": 0.0023315063154236535}, "magn": {"x": 0, "y": 0, "z": 0, "rhall": 0}, "gyro": {"x": 65455, "y": 64, "z": 0}}, "2017,12,14,22:45:36": {"alti": {"temp": 2354, "press": 101528, "altitude": 0.0022921075407204778}, "magn": {"x": 0, "y": 0, "z": 0, "rhall": 0}, "gyro": {"x": 65487, "y": 65327, "z": 32}}, "2017,12,14,22:45:38": {"alti": {"temp": 2356, "press": 101522, "altitude": 0.0023512062848892396}, "magn": {"x": 0, "y": 0, "z": 0, "rhall": 0}, "gyro": {"x": 65519, "y": 80, "z": 16}}, "2017,12,14,22:45:40": {"alti": {"temp": 2359, "press": 101530, "altitude": 0.0022724087354523315}, "magn": {"x": 0, "y": 0, "z": 0, "rhall": 0}, "gyro": {"x": 65487, "y": 65375, "z": 0}}, "2017,12,14,22:45:42": {"alti": {"temp": 2360, "press": 101525, "altitude": 0.0023216564762220723}, "magn": {"x": 0, "y": 0, "z": 0, "rhall": 0}, "gyro": {"x": 65471, "y": 112, "z": 65519}}, "2017,12,14,22:45:44": {"alti": {"temp": 2361, "press": 101528, "altitude": 0.0022921075407204778}, "magn": {"x": 0, "y": 0, "z": 0, "rhall": 0}, "gyro": {"x": 65487, "y": 16, "z": 48}}, "2017,12,14,22:45:46": {"alti": {"temp": 2362, "press": 101533, "altitude": 0.0022428612551116125}, "magn": {"x": 0, "y": 0, "z": 0, "rhall": 0}, "gyro": {"x": 65535, "y": 65519, "z": 65519}}, "2017,12,14,22:45:48": {"alti": {"temp": 2364, "press": 101530, "altitude": 0.0022724087354523315}, "magn": {"x": 0, "y": 0, "z": 0, "rhall": 0}, "gyro": {"x": 65487, "y": 48, "z": 0}}, "2017,12,14,22:45:50": {"alti": {"temp": 2364, "press": 101530, "altitude": 0.0022724087354523315}, "magn": {"x": 0, "y": 0, "z": 0, "rhall": 0}, "gyro": {"x": 65423, "y": 65439, "z": 0}}, "2017,12,14,22:45:52": {"alti": {"temp": 2365, "press": 101526, "altitude": 0.0023118067340390847}, "magn": {"x": 0, "y": 0, "z": 0, "rhall": 0}, "gyro": {"x": 65535, "y": 48, "z": 0}}, "2017,12,14,22:45:54": {"alti": {"temp": 2366, "press": 101524, "altitude": 0.0023315063154236535}, "magn": {"x": 0, "y": 0, "z": 0, "rhall": 0}, "gyro": {"x": 65503, "y": 65503, "z": 65519}}, "2017,12,14,22:45:56": {"alti": {"temp": 2367, "press": 101521, "altitude": 0.0023610564151573398}, "magn": {"x": 0, "y": 0, "z": 0, "rhall": 0}, "gyro": {"x": 65487, "y": 65519, "z": 16}}, "2017,12,14,22:45:58": {"alti": {"temp": 2368, "press": 101532, "altitude": 0.0022527103182195846}, "magn": {"x": 0, "y": 0, "z": 0, "rhall": 0}, "gyro": {"x": 0, "y": 96, "z": 65503}}, "2017,12,14,22:45:59": {"alti": {"temp": 2369, "press": 101525, "altitude": 0.0023216564762220723}, "magn": {"x": 0, "y": 0, "z": 0, "rhall": 0}, "gyro": {"x": 65423, "y": 65471, "z": 65535}}, "2017,12,14,22:46:01": {"alti": {"temp": 2369, "press": 101529, "altitude": 0.002282258089580983}, "magn": {"x": 0, "y": 0, "z": 0, "rhall": 0}, "gyro": {"x": 16, "y": 80, "z": 65535}}, "2017,12,14,22:46:03": {"alti": {"temp": 2370, "press": 101528, "altitude": 0.0022921075407204778}, "magn": {"x": 0, "y": 0, "z": 0, "rhall": 0}, "gyro": {"x": 65503, "y": 65503, "z": 65535}}, "2017,12,14,22:46:05": {"alti": {"temp": 2371, "press": 101527, "altitude": 0.0023019570888725325}, "magn": {"x": 0, "y": 0, "z": 0, "rhall": 0}, "gyro": {"x": 65503, "y": 65535, "z": 0}}, "2017,12,14,22:46:07": {"alti": {"temp": 2372, "press": 101527, "altitude": 0.0023019570888725325}, "magn": {"x": 0, "y": 0, "z": 0, "rhall": 0}, "gyro": {"x": 65487, "y": 0, "z": 65503}}, "2017,12,14,22:46:09": {"alti": {"temp": 2373, "press": 101526, "altitude": 0.0023118067340390847}, "magn": {"x": 0, "y": 0, "z": 0, "rhall": 0}, "gyro": {"x": 65455, "y": 65423, "z": 16}}, "2017,12,14,22:46:11": {"alti": {"temp": 2374, "press": 101528, "altitude": 0.0022921075407204778}, "magn": {"x": 0, "y": 0, "z": 0, "rhall": 0}, "gyro": {"x": 65471, "y": 176, "z": 0}}, "2017,12,14,22:46:13": {"alti": {"temp": 2375, "press": 101524, "altitude": 0.0023315063154236535}, "magn": {"x": 0, "y": 0, "z": 0, "rhall": 0}, "gyro": {"x": 65503, "y": 65519, "z": 65519}}, "2017,12,14,22:46:15": {"alti": {"temp": 2376, "press": 101537, "altitude": 0.002203465972691457}, "magn": {"x": 0, "y": 0, "z": 0, "rhall": 0}, "gyro": {"x": 0, "y": 65439, "z": 0}}, "2017,12,14,22:46:17": {"alti": {"temp": 2377, "press": 101521, "altitude": 0.0023610564151573398}, "magn": {"x": 0, "y": 0, "z": 0, "rhall": 0}, "gyro": {"x": 65503, "y": 64, "z": 0}}, "2017,12,14,22:46:19": {"alti": {"temp": 2378, "press": 101522, "altitude": 0.0023512062848892396}, "magn": {"x": 0, "y": 0, "z": 0, "rhall": 0}, "gyro": {"x": 65439, "y": 0, "z": 0}}, "2017,12,14,22:46:21": {"alti": {"temp": 2378, "press": 101530, "altitude": 0.0022724087354523315}, "magn": {"x": 0, "y": 0, "z": 0, "rhall": 0}, "gyro": {"x": 65519, "y": 65439, "z": 64191}}, "2017,12,14,22:46:23": {"alti": {"temp": 2381, "press": 101533, "altitude": 0.0022428612551116125}, "magn": {"x": 0, "y": 0, "z": 0, "rhall": 0}, "gyro": {"x": 192, "y": 64480, "z": 64111}}, "2017,12,14,22:46:25": {"alti": {"temp": 2380, "press": 101531, "altitude": 0.0022625594783323637}, "magn": {"x": 0, "y": 0, "z": 0, "rhall": 0}, "gyro": {"x": 64704, "y": 1280, "z": 64544}}, "2017,12,14,22:46:27": {"alti": {"temp": 2379, "press": 101515, "altitude": 0.002420159234378922}, "magn": {"x": 0, "y": 0, "z": 0, "rhall": 0}, "gyro": {"x": 768, "y": 1760, "z": 64031}}, "2017,12,14,22:46:29": {"alti": {"temp": 2375, "press": 101522, "altitude": 0.0023512062848892396}, "magn": {"x": 0, "y": 0, "z": 0, "rhall": 0}, "gyro": {"x": 32, "y": 1184, "z": 63936}}, "2017,12,14,22:46:31": {"alti": {"temp": 2373, "press": 101528, "altitude": 0.0022921075407204778}, "magn": {"x": 0, "y": 0, "z": 0, "rhall": 0}, "gyro": {"x": 64111, "y": 65471, "z": 64831}}, "2017,12,14,22:46:33": {"alti": {"temp": 2371, "press": 101527, "altitude": 0.0023019570888725325}, "magn": {"x": 0, "y": 0, "z": 0, "rhall": 0}, "gyro": {"x": 64095, "y": 1615, "z": 1599}}, "2017,12,14,22:46:35": {"alti": {"temp": 2374, "press": 101534, "altitude": 0.0022330122890067304}, "magn": {"x": 0, "y": 0, "z": 0, "rhall": 0}, "gyro": {"x": 65247, "y": 0, "z": 64863}}, "2017,12,14,22:46:37": {"alti": {"temp": 2377, "press": 101524, "altitude": 0.0023315063154236535}, "magn": {"x": 0, "y": 0, "z": 0, "rhall": 0}, "gyro": {"x": 736, "y": 65343, "z": 65488}}, "2017,12,14,22:46:39": {"alti": {"temp": 2383, "press": 101535, "altitude": 0.0022231634199029993}, "magn": {"x": 0, "y": 0, "z": 0, "rhall": 0}, "gyro": {"x": 160, "y": 63760, "z": 16}}, "2017,12,14,22:46:41": {"alti": {"temp": 2388, "press": 101533, "altitude": 0.0022428612551116125}, "magn": {"x": 0, "y": 0, "z": 0, "rhall": 0}, "gyro": {"x": 65519, "y": 65423, "z": 0}},